-- MySQL dump 10.13  Distrib 5.7.27, for Linux (x86_64)
--
-- Host: GlassWare.mysql.pythonanywhere-services.com    Database: GlassWare$rookie_coffee_db
-- ------------------------------------------------------
-- Server version	5.7.28-log
DROP DATABASE IF EXISTS `GlassWare$rookie_coffee_db`;
CREATE DATABASE GlassWare$rookie_coffee_db;
use GlassWare$rookie_coffee_db;
/*!40101 SET @OLD_CHARACTER_SET_CLIENT=@@CHARACTER_SET_CLIENT */;
/*!40101 SET @OLD_CHARACTER_SET_RESULTS=@@CHARACTER_SET_RESULTS */;
/*!40101 SET @OLD_COLLATION_CONNECTION=@@COLLATION_CONNECTION */;
/*!40101 SET NAMES utf8 */;
/*!40103 SET @OLD_TIME_ZONE=@@TIME_ZONE */;
/*!40103 SET TIME_ZONE='+00:00' */;
/*!40014 SET @OLD_UNIQUE_CHECKS=@@UNIQUE_CHECKS, UNIQUE_CHECKS=0 */;
/*!40014 SET @OLD_FOREIGN_KEY_CHECKS=@@FOREIGN_KEY_CHECKS, FOREIGN_KEY_CHECKS=0 */;
/*!40101 SET @OLD_SQL_MODE=@@SQL_MODE, SQL_MODE='NO_AUTO_VALUE_ON_ZERO' */;
/*!40111 SET @OLD_SQL_NOTES=@@SQL_NOTES, SQL_NOTES=0 */;

--
-- Table structure for table `detalle_venta`
--

DROP TABLE IF EXISTS `detalle_venta`;
/*!40101 SET @saved_cs_client     = @@character_set_client */;
/*!40101 SET character_set_client = utf8 */;
CREATE TABLE `detalle_venta` (
  `_id` int(11) NOT NULL AUTO_INCREMENT,
  `cantidad` int(11) NOT NULL,
  `precio_historico` varchar(45) NOT NULL COMMENT 'Precio historico hace referencia al precio del producto al momento de la venta',
  `estatus` enum('Activo','Inactivo') NOT NULL DEFAULT 'Activo',
  `producto` int(11) NOT NULL,
  `venta` int(11) NOT NULL,
  PRIMARY KEY (`_id`),
  KEY `producto_venta_FK_idx` (`producto`),
  KEY `detalle_venta_fk_idx` (`venta`),
  CONSTRAINT `detalle_venta_fk` FOREIGN KEY (`venta`) REFERENCES `venta` (`_id`),
  CONSTRAINT `producto_venta_FK` FOREIGN KEY (`producto`) REFERENCES `producto` (`_id`)
) ENGINE=InnoDB AUTO_INCREMENT=97 DEFAULT CHARSET=utf8;
/*!40101 SET character_set_client = @saved_cs_client */;

--
-- Dumping data for table `detalle_venta`
--

LOCK TABLES `detalle_venta` WRITE;
/*!40000 ALTER TABLE `detalle_venta` DISABLE KEYS */;
INSERT INTO `detalle_venta` VALUES (57,2,'15','Activo',33,43),(58,1,'15','Activo',52,43),(59,1,'30','Activo',44,43),(60,1,'3','Activo',43,44),(61,-1,'15','Inactivo',33,45),(62,10,'15','Activo',32,46),(63,2,'15','Activo',32,47),(64,1,'20','Activo',39,48),(65,1,'5','Activo',38,48),(66,1,'30','Activo',44,49),(67,1,'3','Activo',36,50),(68,3,'20','Activo',37,50),(69,3,'14','Activo',49,51),(70,2,'15','Activo',33,52),(71,1,'18','Activo',34,53),(72,1,'3','Activo',36,54),(73,1,'5','Activo',38,54),(74,1,'18','Activo',34,55),(75,2,'18','Activo',34,56),(76,1,'15','Activo',40,57),(77,1,'10','Activo',41,57),(78,3,'5','Activo',38,57),(79,2,'15','Activo',33,58),(80,2,'18','Activo',34,58),(81,2,'15','Activo',33,59),(82,2,'15','Activo',40,60),(83,2,'20','Activo',39,60),(84,2,'18','Activo',34,61),(85,2,'3','Activo',36,62),(86,2,'10','Activo',41,63),(87,2,'14','Activo',48,64),(88,1,'22','Activo',47,64),(89,2,'3','Activo',36,65),(90,2,'3','Activo',35,65),(91,1,'20','Activo',37,65),(92,2,'20','Activo',37,66),(93,2,'3','Activo',35,66),(94,2,'18','Activo',53,67),(95,1,'18','Activo',34,67),(96,1,'15','Activo',33,68);
/*!40000 ALTER TABLE `detalle_venta` ENABLE KEYS */;
UNLOCK TABLES;

--
-- Table structure for table `ingrediente`
--

DROP TABLE IF EXISTS `ingrediente`;
/*!40101 SET @saved_cs_client     = @@character_set_client */;
/*!40101 SET character_set_client = utf8 */;
CREATE TABLE `ingrediente` (
  `_id` int(11) NOT NULL AUTO_INCREMENT,
  `nombre` varchar(45) NOT NULL,
  `descripcion` varchar(45) NOT NULL,
  `cantidad_disponible` double NOT NULL,
  `estatus` enum('Activo','Inactivo') NOT NULL DEFAULT 'Activo',
  `unidad_medida` enum('g','ml','kg','l') NOT NULL,
  `usuario` int(11) NOT NULL,
  `fecha_registro` varchar(45) NOT NULL,
  PRIMARY KEY (`_id`),
  UNIQUE KEY `_id_UNIQUE` (`_id`)
) ENGINE=InnoDB AUTO_INCREMENT=42 DEFAULT CHARSET=utf8;
/*!40101 SET character_set_client = @saved_cs_client */;

--
-- Dumping data for table `ingrediente`
--

LOCK TABLES `ingrediente` WRITE;
/*!40000 ALTER TABLE `ingrediente` DISABLE KEYS */;
INSERT INTO `ingrediente` VALUES (9,'Café de grano','Cafe de grano',10.5,'Activo','kg',19,'16/04/2021  23:55:17'),(10,'Azúcar','Azúcar de caña',8.918000000000001,'Activo','kg',19,'15/04/2021  23:15:22'),(11,'Azúcar morena','Azúcar de caña',10,'Activo','kg',19,'15/04/2021  23:15:22'),(12,'Agua','Agua purificada',497.25000000000006,'Activo','l',25,'2021-03-18T12:21:24'),(13,'Hielo','Hielo en cubos ',14.920000000000002,'Activo','kg',25,'2021-03-18T12:21:25'),(14,'Harina para hotcake','Harina para preparar hotcakes',9.549999999999999,'Activo','kg',25,'2021-03-18T12:21:26'),(15,'Cardamomo','Cardamomo para tes',460,'Activo','g',25,'2021-03-18T12:21:27'),(16,'Canela','Canela en polvo',450,'Activo','g',25,'2021-03-18T12:21:28'),(17,'Clavo de olor','Clavos de olor',460,'Activo','g',25,'2021-03-18T12:21:29'),(18,'Jengibre','Jengibre en polvo',460,'Activo','g',25,'2021-03-18T12:21:30'),(19,'Vainilla','Saborizante artificial sabor vainilla',476,'Activo','ml',25,'2021-03-18T12:21:31'),(20,'Anís','Estrella anís',500,'Activo','g',19,'15/04/2021  23:15:22'),(21,'Hoja de té negro','Té negro en polvo',460,'Activo','g',19,'15/04/2021  23:15:22'),(22,'Leche','Leche entera pausterizada',96.81199999999998,'Activo','l',25,'2021-03-18T12:21:34'),(23,'Leche de almendras','Leche de almendras ',100,'Activo','l',25,'2021-03-18T12:21:35'),(24,'Harina','Harina de trigo',8.95,'Activo','kg',25,'2021-03-18T12:21:36'),(25,'Azúcar glass','Azúcar glass sin calorías',8.919999999999998,'Activo','kg',25,'15/04/2021  21:20:36'),(26,'Sal','Sal yodada refinada',9.973999999999998,'Activo','kg',25,'2021-03-18T12:21:38'),(27,'Zanahoria','Zanahorias frescas',9.5,'Activo','kg',25,'2021-03-18T12:21:39'),(28,'Naranja','Naranja fresca',10,'Activo','kg',25,'2021-03-18T12:21:40'),(29,'Mermelada de fresa','Mermelada de fresa natural',9.61,'Activo','l',25,'2021-03-18T12:21:41'),(30,'Cajeta','Cajeta de celaya apoco no',9.745000000000001,'Activo','l',25,'2021-03-18T12:21:42'),(31,'Mermelada de fresa con habanero','Mermelada de fresa con habanero',1,'Activo','l',25,'2021-03-18T12:21:43'),(32,'Levadura seca','Levadura seca',9.968999999999996,'Activo','kg',25,'2021-03-18T12:21:44'),(33,'Mantequilla','Mantequilla ',9.758999999999993,'Activo','kg',25,'2021-03-18T12:21:45'),(34,'Nuez','Nuez sin cáscara',4.970000000000001,'Activo','kg',19,'15/04/2021  23:15:22'),(35,'Chocolate','Chocolate en polvo',10,'Activo','kg',25,'2021-03-18T12:21:47'),(36,'Chocolate','Chocolate liquido Herseys',10,'Activo','kg',25,'2021-03-18T12:21:48'),(37,'Manzanilla','Hoja de chamomilla',460,'Activo','g',25,'2021-03-18T12:21:49'),(38,'Te de limon','Hojas de zacate limón',425,'Activo','g',19,'15/04/2021  23:15:22'),(39,'Ingrediente de prueba','Es de prueba este ingrediente',1,'Inactivo','g',19,'15/04/2021  23:18:51'),(40,'prueba2','Es de prueba este ingrediente',20,'Inactivo','ml',19,'16/04/2021  23:55:17'),(41,'prueba2','Es de prueba este ingrediente',1,'Inactivo','ml',19,'16/04/2021  23:55:17');
/*!40000 ALTER TABLE `ingrediente` ENABLE KEYS */;
UNLOCK TABLES;

--
-- Table structure for table `ingrediente_producto`
--

DROP TABLE IF EXISTS `ingrediente_producto`;
/*!40101 SET @saved_cs_client     = @@character_set_client */;
/*!40101 SET character_set_client = utf8 */;
CREATE TABLE `ingrediente_producto` (
  `_id` int(11) NOT NULL AUTO_INCREMENT,
  `cantidad_requerida` double NOT NULL,
  `producto` int(11) NOT NULL,
  `ingrediente` int(11) NOT NULL,
  `estatus` enum('Activo','Inactivo') DEFAULT 'Activo',
  `usuario` int(11) NOT NULL,
  `fecha_registro` varchar(45) NOT NULL,
  PRIMARY KEY (`_id`),
  UNIQUE KEY `_id_UNIQUE` (`_id`),
  KEY `producto_fk_idx` (`producto`),
  KEY `ingrediente_fk_idx` (`ingrediente`),
  CONSTRAINT `ingrediente_fk` FOREIGN KEY (`ingrediente`) REFERENCES `ingrediente` (`_id`),
  CONSTRAINT `producto_fk` FOREIGN KEY (`producto`) REFERENCES `producto` (`_id`)
) ENGINE=InnoDB AUTO_INCREMENT=602 DEFAULT CHARSET=utf8;
/*!40101 SET character_set_client = @saved_cs_client */;

--
-- Dumping data for table `ingrediente_producto`
--

LOCK TABLES `ingrediente_producto` WRITE;
/*!40000 ALTER TABLE `ingrediente_producto` DISABLE KEYS */;
INSERT INTO `ingrediente_producto` VALUES (433,5,54,12,'Inactivo',19,'15/04/2021  21:20:36'),(463,2,55,12,'Inactivo',19,'16/04/2021  00:38:46'),(464,2,55,18,'Inactivo',19,'16/04/2021  00:38:46'),(471,30,33,24,'Activo',19,'16/04/2021  00:38:46'),(472,1,33,32,'Activo',19,'16/04/2021  00:38:46'),(473,5,33,25,'Activo',19,'16/04/2021  00:38:46'),(474,1,33,26,'Activo',19,'16/04/2021  00:38:46'),(475,6,33,33,'Activo',19,'16/04/2021  00:38:46'),(476,13,33,22,'Activo',19,'16/04/2021  00:38:46'),(477,30,33,24,'Activo',19,'16/04/2021  00:38:46'),(484,30,35,29,'Activo',19,'16/04/2021  00:38:46'),(499,150,39,14,'Activo',19,'16/04/2021  00:38:46'),(500,150,39,22,'Activo',19,'16/04/2021  00:38:46'),(501,25,39,33,'Activo',19,'16/04/2021  00:38:46'),(502,30,38,24,'Activo',19,'16/04/2021  00:38:46'),(503,10,38,22,'Activo',19,'16/04/2021  00:38:46'),(504,2,38,32,'Activo',19,'16/04/2021  00:38:46'),(505,4,38,10,'Activo',19,'16/04/2021  00:38:46'),(506,2,38,33,'Activo',19,'16/04/2021  00:38:46'),(507,1,38,26,'Activo',19,'16/04/2021  00:38:46'),(508,11,37,9,'Activo',19,'16/04/2021  00:38:46'),(509,75,37,12,'Activo',19,'16/04/2021  00:38:46'),(510,120,37,22,'Activo',19,'16/04/2021  00:38:46'),(511,20,37,10,'Activo',19,'16/04/2021  00:38:46'),(512,30,36,30,'Activo',19,'16/04/2021  00:38:46'),(513,1,34,32,'Activo',19,'16/04/2021  00:38:46'),(514,5,34,25,'Activo',19,'16/04/2021  00:38:46'),(515,1,34,26,'Activo',19,'16/04/2021  00:38:46'),(516,6,34,33,'Activo',19,'16/04/2021  00:38:46'),(517,13,34,22,'Activo',19,'16/04/2021  00:38:46'),(518,30,34,29,'Activo',19,'16/04/2021  00:38:46'),(519,30,40,9,'Activo',19,'16/04/2021  00:38:46'),(520,50,40,12,'Activo',19,'16/04/2021  00:38:46'),(521,10,41,33,'Activo',19,'16/04/2021  00:38:46'),(522,10,41,24,'Activo',19,'16/04/2021  00:38:46'),(523,15,41,30,'Activo',19,'16/04/2021  00:38:46'),(524,10,41,34,'Activo',19,'16/04/2021  00:38:46'),(525,150,42,12,'Activo',19,'16/04/2021  00:38:46'),(526,30,42,35,'Activo',19,'16/04/2021  00:38:46'),(527,10,42,10,'Activo',19,'16/04/2021  00:38:46'),(528,15,43,12,'Activo',19,'16/04/2021  00:38:46'),(529,15,43,22,'Activo',19,'16/04/2021  00:38:46'),(530,150,43,24,'Activo',19,'16/04/2021  00:38:46'),(531,40,44,13,'Activo',19,'16/04/2021  00:38:46'),(532,120,44,22,'Activo',19,'16/04/2021  00:38:46'),(533,30,44,9,'Activo',19,'16/04/2021  00:38:46'),(534,20,44,10,'Activo',19,'16/04/2021  00:38:46'),(535,20,45,9,'Activo',19,'16/04/2021  00:38:46'),(536,150,45,22,'Activo',19,'16/04/2021  00:38:46'),(537,150,45,13,'Activo',19,'16/04/2021  00:38:46'),(538,10,45,35,'Activo',19,'16/04/2021  00:38:46'),(539,20,46,9,'Activo',19,'16/04/2021  00:38:46'),(540,150,46,22,'Activo',19,'16/04/2021  00:38:46'),(541,150,46,13,'Activo',19,'16/04/2021  00:38:46'),(542,10,46,35,'Activo',19,'16/04/2021  00:38:46'),(543,10,46,19,'Activo',19,'16/04/2021  00:38:46'),(544,30,47,9,'Activo',19,'16/04/2021  00:38:46'),(545,75,47,12,'Activo',19,'16/04/2021  00:38:46'),(546,10,47,10,'Activo',19,'16/04/2021  00:38:46'),(547,200,48,12,'Activo',19,'16/04/2021  00:38:46'),(548,20,48,37,'Activo',19,'16/04/2021  00:38:46'),(549,120,49,12,'Activo',19,'16/04/2021  00:38:46'),(550,25,49,38,'Activo',19,'16/04/2021  00:38:46'),(551,60,50,28,'Activo',19,'16/04/2021  00:38:46'),(552,150,50,12,'Activo',19,'16/04/2021  00:38:46'),(553,20,50,10,'Activo',19,'16/04/2021  00:38:46'),(558,200,52,12,'Activo',19,'16/04/2021  00:38:46'),(559,20,52,16,'Activo',19,'16/04/2021  00:38:46'),(560,20,52,15,'Activo',19,'16/04/2021  00:38:46'),(561,20,52,18,'Activo',19,'16/04/2021  00:38:46'),(562,20,52,17,'Activo',19,'16/04/2021  00:38:46'),(563,20,52,21,'Activo',19,'16/04/2021  00:38:46'),(564,250,53,27,'Activo',19,'16/04/2021  00:38:46'),(570,55,56,31,'Inactivo',16,'16/04/2021  00:38:46'),(571,55,56,34,'Inactivo',16,'16/04/2021  00:38:46'),(572,55,56,20,'Inactivo',16,'16/04/2021  00:38:46'),(573,55,56,35,'Inactivo',16,'16/04/2021  00:38:46'),(592,20,51,10,'Activo',16,'16/04/2021  00:38:46'),(593,250,51,12,'Activo',16,'16/04/2021  00:38:46'),(594,20,51,35,'Activo',16,'16/04/2021  00:38:46'),(595,100,51,9,'Activo',16,'16/04/2021  00:38:46'),(596,11,32,9,'Activo',16,'16/04/2021  00:38:46'),(597,2,32,19,'Activo',16,'16/04/2021  00:38:46'),(598,75,32,12,'Activo',16,'16/04/2021  00:38:46'),(599,120,32,22,'Activo',16,'16/04/2021  00:38:46'),(600,20,32,10,'Activo',16,'16/04/2021  00:38:46'),(601,30,32,16,'Activo',16,'16/04/2021  00:38:46');
/*!40000 ALTER TABLE `ingrediente_producto` ENABLE KEYS */;
UNLOCK TABLES;

--
-- Table structure for table `inicio_sesion`
--

DROP TABLE IF EXISTS `inicio_sesion`;
/*!40101 SET @saved_cs_client     = @@character_set_client */;
/*!40101 SET character_set_client = utf8 */;
CREATE TABLE `inicio_sesion` (
  `_id` int(11) NOT NULL AUTO_INCREMENT,
  `usuario` int(10) unsigned NOT NULL,
  `fecha_inicio_sesion` varchar(45) NOT NULL,
  `dispositivo` varchar(50) NOT NULL,
  `direccion_ip` varchar(20) NOT NULL,
  `estatus` enum('Activo','Inactivo') NOT NULL DEFAULT 'Activo',
  `token` varchar(300) NOT NULL,
  PRIMARY KEY (`_id`),
  KEY `usuario` (`usuario`),
  CONSTRAINT `inicio_sesion_ibfk_1` FOREIGN KEY (`usuario`) REFERENCES `usuario` (`_id`)
) ENGINE=InnoDB AUTO_INCREMENT=421 DEFAULT CHARSET=utf8;
/*!40101 SET character_set_client = @saved_cs_client */;

--
-- Dumping data for table `inicio_sesion`
--

LOCK TABLES `inicio_sesion` WRITE;
/*!40000 ALTER TABLE `inicio_sesion` DISABLE KEYS */;
INSERT INTO `inicio_sesion` VALUES (49,2,'2021-04-03T05:11:55','MOZILLA','177.228.43.142','Inactivo',''),(50,2,'2021-04-03T05:12:34','MOZILLA','177.228.43.142','Inactivo',''),(51,2,'2021-04-03T05:12:39','MOZILLA','177.228.43.142','Inactivo',''),(52,2,'2021-04-03T05:13:32','Edge (Chromium) 89','187.136.3.200','Inactivo',''),(53,2,'2021-04-03T05:26:27','Edge (Chromium) 89','189.253.84.49','Inactivo',''),(54,8,'2021-04-03T20:23:38','MOZILLA','177.228.43.142','Inactivo',''),(55,2,'2021-04-03T21:30:11','MOZILLA','177.228.43.142','Inactivo',''),(56,2,'2021-04-03T21:50:30','Edge (Chromium) 89','189.253.42.211','Inactivo',''),(57,2,'2021-04-03T23:48:51','Edge (Chromium) 89','187.136.3.200','Inactivo',''),(58,12,'2021-04-03T23:50:29','Edge (Chromium) 89','187.136.3.200','Inactivo',''),(59,12,'2021-04-03T23:51:33','MOZILLA','177.228.43.142','Inactivo',''),(60,2,'2021-04-03T23:54:46','MOZILLA','177.228.43.142','Inactivo',''),(61,2,'2021-04-03T23:55:54','MOZILLA','177.228.43.142','Inactivo',''),(62,12,'2021-04-03T23:57:49','Edge (Chromium) 89','187.136.3.200','Inactivo',''),(63,2,'2021-04-03T23:59:44','Edge (Chromium) 89','187.136.3.200','Inactivo',''),(64,2,'2021-04-04T00:09:51','Edge (Chromium) 89','187.136.3.200','Inactivo',''),(65,12,'2021-04-04T00:10:20','Edge (Chromium) 89','187.136.3.200','Inactivo',''),(66,2,'2021-04-04T00:10:58','Edge (Chromium) 89','187.136.3.200','Inactivo',''),(67,2,'2021-04-04T00:24:13','Edge (Chromium) 89','187.136.3.200','Inactivo',''),(68,12,'2021-04-04T00:25:12','Edge (Chromium) 89','187.136.3.200','Inactivo',''),(69,12,'2021-04-04T01:02:37','Edge (Chromium) 89','187.136.3.200','Inactivo',''),(70,12,'2021-04-04T01:17:09','Edge (Chromium) 89','187.136.3.200','Inactivo',''),(71,2,'2021-04-04T01:45:13','Edge (Chromium) 89','187.136.3.200','Inactivo',''),(72,2,'2021-04-04T01:49:18','MOZILLA','177.228.43.142','Inactivo',''),(73,2,'2021-04-04T01:49:36','MOZILLA','177.228.43.142','Inactivo',''),(74,2,'2021-04-04T01:50:30','MOZILLA','177.228.43.142','Inactivo',''),(75,2,'2021-04-04T01:51:38','Edge (Chromium) 89','187.136.3.200','Inactivo',''),(76,2,'2021-04-04T02:01:51','Edge (Chromium) 89','187.136.3.200','Inactivo',''),(77,2,'2021-04-04T02:04:50','Edge (Chromium) 89','187.136.3.200','Inactivo',''),(78,2,'2021-04-04T02:06:05','Edge (Chromium) 89','187.136.3.200','Inactivo',''),(79,13,'2021-04-04T02:07:32','Edge (Chromium) 89','187.136.3.200','Inactivo',''),(80,2,'2021-04-04T02:31:39','Edge (Chromium) 89','187.136.3.200','Inactivo',''),(81,14,'2021-04-04T02:35:09','Edge (Chromium) 89','187.136.3.200','Inactivo',''),(82,2,'2021-04-04T02:35:17','Edge (Chromium) 89','187.136.3.200','Inactivo',''),(83,2,'2021-04-04T02:36:04','Edge (Chromium) 89','187.136.3.200','Inactivo',''),(84,15,'2021-04-04T02:40:32','Edge (Chromium) 89','187.136.3.200','Inactivo',''),(85,2,'2021-04-04T02:40:42','Edge (Chromium) 89','187.136.3.200','Inactivo',''),(86,15,'2021-04-04T02:42:49','Edge (Chromium) 89','187.136.3.200','Inactivo',''),(87,2,'2021-04-04T02:43:00','Edge (Chromium) 89','187.136.3.200','Inactivo',''),(88,2,'2021-04-04T05:04:43','Edge (Chromium) 89','187.136.3.200','Inactivo',''),(89,2,'2021-04-04T05:06:33','Edge (Chromium) 89','187.136.3.200','Inactivo',''),(90,2,'2021-04-04T05:42:17','Edge (Chromium) 89','187.136.3.200','Inactivo',''),(91,2,'2021-04-04T05:43:26','Edge (Chromium) 89','187.136.3.200','Inactivo',''),(92,2,'2021-04-04T05:45:16','Edge (Chromium) 89','187.136.3.200','Inactivo',''),(93,2,'2021-04-04T05:46:36','Edge (Chromium) 89','187.136.3.200','Inactivo',''),(94,2,'2021-04-04T05:48:00','Edge (Chromium) 89','187.136.3.200','Inactivo',''),(95,2,'2021-04-04T05:48:23','Edge (Chromium) 89','187.136.3.200','Inactivo',''),(96,2,'2021-04-04T06:15:00','MOZILLA','177.228.43.142','Inactivo',''),(97,2,'2021-04-04T06:19:22','MOZILLA','177.228.43.142','Inactivo',''),(98,2,'2021-04-04T06:48:32','Edge (Chromium) 89','187.136.3.200','Inactivo',''),(99,2,'2021-04-04T06:49:13','Edge (Chromium) 89','187.136.3.200','Inactivo',''),(100,2,'2021-04-04T06:50:47','Edge (Chromium) 89','187.136.3.200','Inactivo',''),(101,8,'2021-04-04T16:23:08','MOZILLA','177.228.43.142','Inactivo',''),(102,2,'2021-04-04T16:29:22','MOZILLA','177.228.43.142','Inactivo',''),(103,2,'2021-04-04T16:38:19','MOZILLA','177.228.43.142','Inactivo',''),(104,8,'2021-04-04T16:48:49','MOZILLA','177.228.43.142','Inactivo',''),(105,2,'2021-04-04T18:06:25','Edge (Chromium) 89','189.253.42.211','Inactivo',''),(106,2,'2021-04-04T18:09:54','MOZILLA','177.228.43.142','Inactivo',''),(107,2,'2021-04-04T18:09:56','MOZILLA','177.228.43.142','Inactivo',''),(108,2,'2021-04-04T19:55:43','Edge (Chromium) 89','187.136.6.222','Inactivo',''),(109,2,'2021-04-04T20:05:57','MOZILLA','177.228.43.142','Inactivo',''),(110,2,'2021-04-04T20:21:44','Edge (Chromium) 89','187.136.6.222','Inactivo',''),(111,2,'2021-04-04T20:44:47','Edge (Chromium) 89','187.136.6.222','Inactivo',''),(112,2,'2021-04-04T20:45:26','Edge (Chromium) 89','187.136.6.222','Inactivo',''),(113,2,'2021-04-04T20:45:42','Edge (Chromium) 89','187.136.6.222','Inactivo',''),(114,2,'2021-04-04T21:00:05','Edge (Chromium) 89','189.253.42.211','Inactivo',''),(115,2,'2021-04-04T21:21:19','Edge (Chromium) 89','189.253.42.211','Inactivo',''),(116,2,'2021-04-04T23:33:53','Edge (Chromium) 89','189.253.42.211','Inactivo',''),(117,2,'2021-04-05T02:18:20','Edge (Chromium) 89','189.253.42.211','Inactivo',''),(118,2,'2021-04-05T20:06:15','Edge (Chromium) 89','189.253.8.22','Inactivo',''),(119,2,'2021-04-05T22:23:42','Edge (Chromium) 89','189.253.8.22','Inactivo',''),(120,2,'2021-04-05T22:29:22','MOZILLA','177.228.43.142','Inactivo',''),(121,2,'2021-04-05T22:36:08','Edge (Chromium) 89','189.253.8.22','Inactivo',''),(122,2,'2021-04-05T22:47:31','Edge (Chromium) 89','187.136.6.222','Inactivo',''),(123,8,'2021-04-05T22:48:38','MOZILLA','177.228.43.142','Inactivo',''),(124,8,'2021-04-05T22:50:15','MOZILLA','177.228.43.142','Activo','eyJ0eXAiOiJKV1QiLCJhbGciOiJIUzI1NiJ9.eyJwdWJsaWNfaWQiOjgsImV4cGlyYWNpb24iOiIyMDIxLTA0LTA1IDIzOjIwOjE1LjAzODc5NiJ9.RzLEgn0yt30-F58gYuVO0by9WIXJ8DwKUPwU9eOWSPw'),(125,16,'2021-04-05T22:54:40','Edge (Chromium) 89','187.136.6.222','Inactivo',''),(126,2,'2021-04-05T23:03:29','Edge (Chromium) 89','187.136.6.222','Inactivo',''),(127,2,'2021-04-05T23:22:32','MOZILLA','177.228.43.142','Inactivo',''),(128,2,'2021-04-05T23:27:16','Edge (Chromium) 89','187.136.6.222','Inactivo',''),(129,2,'2021-04-05T23:31:20','MOZILLA','177.228.43.142','Inactivo',''),(130,2,'2021-04-05T23:32:57','Edge (Chromium) 89','187.136.6.222','Inactivo',''),(131,2,'2021-04-05T23:49:41','Edge (Chromium) 89','189.253.8.22','Inactivo',''),(132,2,'2021-04-06T00:31:03','Edge (Chromium) 89','189.253.8.22','Inactivo',''),(133,2,'2021-04-06T00:51:55','Edge (Chromium) 89','189.253.8.22','Inactivo',''),(134,16,'2021-04-06T01:27:53','Edge (Chromium) 89','187.136.6.222','Inactivo',''),(135,2,'2021-04-06T01:28:59','Edge (Chromium) 89','187.136.6.222','Inactivo',''),(136,16,'2021-04-06T01:31:09','Edge (Chromium) 89','187.136.6.222','Inactivo',''),(137,16,'2021-04-06T01:31:19','Edge (Chromium) 89','187.136.6.222','Inactivo',''),(138,17,'2021-04-06T01:33:53','Edge (Chromium) 89','187.136.6.222','Inactivo',''),(139,16,'2021-04-06T01:34:34','Edge (Chromium) 89','187.136.6.222','Inactivo',''),(140,17,'2021-04-06T01:34:58','Edge (Chromium) 89','187.136.6.222','Inactivo',''),(141,17,'2021-04-06T01:35:28','Edge (Chromium) 89','187.136.6.222','Inactivo',''),(142,16,'2021-04-06T01:35:58','Edge (Chromium) 89','187.136.6.222','Inactivo',''),(143,2,'2021-04-06T01:37:59','Edge (Chromium) 89','187.136.6.222','Inactivo',''),(144,17,'2021-04-06T01:41:27','Edge (Chromium) 89','187.136.6.222','Inactivo',''),(145,17,'2021-04-06T01:42:05','Edge (Chromium) 89','187.136.6.222','Inactivo',''),(146,17,'2021-04-06T01:43:39','Edge (Chromium) 89','187.136.6.222','Inactivo',''),(147,17,'2021-04-06T01:43:58','Edge (Chromium) 89','187.136.6.222','Inactivo',''),(148,17,'2021-04-06T01:58:13','Edge (Chromium) 89','187.136.6.222','Inactivo',''),(149,2,'2021-04-06T02:04:43','MOZILLA','177.228.43.142','Inactivo',''),(150,2,'2021-04-06T02:15:44','MOZILLA','177.228.43.142','Inactivo',''),(151,2,'2021-04-06T02:17:05','MOZILLA','177.228.43.142','Inactivo',''),(152,2,'2021-04-06T22:18:02','MOZILLA','177.228.43.142','Inactivo',''),(153,2,'2021-04-06T22:24:18','MOZILLA','177.228.43.142','Inactivo',''),(154,2,'2021-04-06T23:05:36','MOZILLA','177.228.43.142','Inactivo',''),(155,2,'2021-04-06T23:40:47','Edge (Chromium) 89','189.253.8.22','Inactivo',''),(156,2,'2021-04-07T00:04:34','Edge (Chromium) 89','189.253.8.22','Inactivo',''),(157,2,'2021-04-07T00:46:24','Edge (Chromium) 89','189.253.8.22','Inactivo',''),(158,2,'2021-04-07T01:09:12','MOZILLA','177.228.43.142','Inactivo',''),(159,2,'2021-04-07T01:09:46','Edge (Chromium) 89','189.253.8.22','Inactivo',''),(160,2,'2021-04-07T01:10:43','MOZILLA','177.228.43.142','Inactivo',''),(161,2,'2021-04-07T01:10:44','MOZILLA','177.228.43.142','Inactivo',''),(162,16,'2021-04-07T01:11:29','MOZILLA','177.228.43.142','Inactivo',''),(163,20,'2021-04-07T01:13:29','MOZILLA','177.228.43.142','Inactivo',''),(164,21,'2021-04-07T01:13:50','MOZILLA','177.228.43.142','Inactivo',''),(165,21,'2021-04-07T01:13:56','MOZILLA','177.228.43.142','Inactivo',''),(166,21,'2021-04-07T01:14:57','MOZILLA','177.228.43.142','Inactivo',''),(167,18,'2021-04-07T01:15:30','Edge (Chromium) 89','189.253.8.22','Inactivo',''),(168,21,'2021-04-07T01:16:00','MOZILLA','177.228.43.142','Inactivo',''),(169,18,'2021-04-07T01:17:07','Edge (Chromium) 89','189.253.8.22','Inactivo',''),(170,19,'2021-04-07T01:19:49','Edge (Chromium) 89','189.253.8.22','Inactivo',''),(171,21,'2021-04-07T01:22:42','MOZILLA','177.228.43.142','Inactivo',''),(172,24,'2021-04-07T01:25:56','MOZILLA','177.228.43.142','Inactivo',''),(173,25,'2021-04-07T01:30:02','MOZILLA','177.228.43.142','Inactivo',''),(174,21,'2021-04-07T01:37:56','MOZILLA','177.228.43.142','Inactivo',''),(175,16,'2021-04-07T01:39:34','Edge (Chromium) 89','187.136.6.222','Inactivo',''),(176,16,'2021-04-07T01:41:07','Edge (Chromium) 89','187.136.6.222','Inactivo',''),(177,16,'2021-04-07T01:42:10','Edge (Chromium) 89','187.136.6.222','Inactivo',''),(178,17,'2021-04-07T01:42:43','Edge (Chromium) 89','187.136.6.222','Inactivo',''),(179,19,'2021-04-07T01:44:32','Firefox 87','189.253.8.22','Inactivo',''),(180,18,'2021-04-07T01:47:26','Edge (Chromium) 89','189.253.8.22','Inactivo',''),(181,19,'2021-04-07T01:48:08','Edge (Chromium) 89','189.253.8.22','Inactivo',''),(182,16,'2021-04-07T01:58:34','Edge (Chromium) 89','187.136.6.222','Inactivo',''),(183,16,'2021-04-07T02:07:22','Edge (Chromium) 89','187.136.6.222','Inactivo',''),(184,16,'2021-04-07T02:14:59','Edge (Chromium) 89','187.136.6.222','Inactivo',''),(185,16,'2021-04-07T02:15:22','Edge (Chromium) 89','187.136.6.222','Inactivo',''),(186,17,'2021-04-07T02:18:19','Edge (Chromium) 89','187.136.6.222','Inactivo',''),(187,19,'2021-04-07T02:20:09','Edge (Chromium) 89','189.253.8.22','Inactivo',''),(188,19,'2021-04-07T02:33:47','Edge (Chromium) 89','189.253.8.22','Inactivo',''),(189,17,'2021-04-07T02:35:58','Edge (Chromium) 89','187.136.6.222','Inactivo',''),(190,19,'2021-04-07T02:42:38','Edge (Chromium) 89','189.253.8.22','Inactivo',''),(191,19,'2021-04-07T02:51:32','Edge (Chromium) 89','189.253.8.22','Inactivo',''),(192,19,'2021-04-07T19:28:00','Edge (Chromium) 89','189.253.8.22','Inactivo',''),(193,19,'2021-04-07T20:00:27','Edge (Chromium) 89','189.253.8.22','Inactivo',''),(194,19,'2021-04-07T20:01:15','Edge (Chromium) 89','189.253.8.22','Inactivo',''),(195,19,'2021-04-07T20:02:06','Edge (Chromium) 89','189.253.8.22','Inactivo',''),(196,19,'2021-04-07T20:03:39','Edge (Chromium) 89','189.253.8.22','Inactivo',''),(197,19,'2021-04-07T20:14:40','Edge (Chromium) 89','189.253.8.22','Inactivo',''),(198,19,'2021-04-07T20:32:43','Edge (Chromium) 89','189.253.8.22','Inactivo',''),(199,19,'2021-04-07T21:06:44','Edge (Chromium) 89','189.253.8.22','Inactivo',''),(200,19,'2021-04-07T21:44:47','Edge (Chromium) 89','189.253.8.22','Inactivo',''),(201,19,'2021-04-07T21:55:22','Edge (Chromium) 89','189.253.8.22','Inactivo',''),(202,19,'2021-04-07T21:56:44','Edge (Chromium) 89','189.253.8.22','Inactivo',''),(203,19,'2021-04-07T21:58:08','Edge (Chromium) 89','189.253.8.22','Inactivo',''),(204,16,'2021-04-07T22:08:13','Edge (Chromium) 89','187.136.3.7','Inactivo',''),(205,22,'2021-04-07T22:08:16','MOZILLA','177.228.43.142','Activo','eyJ0eXAiOiJKV1QiLCJhbGciOiJIUzI1NiJ9.eyJwdWJsaWNfaWQiOjIyLCJleHBpcmFjaW9uIjoiMjAyMS0wNC0wNyAyMjozODoxNi4xNDY4MDgifQ.i_kKdF63zpj7YwEhwbOYdv-UHDBidXXBRKTrab8RWcs'),(206,23,'2021-04-07T22:08:55','MOZILLA','177.228.43.142','Inactivo',''),(207,16,'2021-04-07T22:24:59','Edge (Chromium) 89','187.136.3.7','Inactivo',''),(208,17,'2021-04-07T22:25:08','Edge (Chromium) 89','187.136.3.7','Inactivo',''),(209,19,'2021-04-07T22:48:01','Edge (Chromium) 89','189.253.8.22','Inactivo',''),(210,16,'2021-04-07T23:08:20','Edge (Chromium) 89','187.136.3.7','Inactivo',''),(211,17,'2021-04-07T23:10:01','Edge (Chromium) 89','187.136.3.7','Inactivo',''),(212,16,'2021-04-07T23:17:26','Edge (Chromium) 89','187.136.3.7','Inactivo',''),(213,17,'2021-04-07T23:17:50','Edge (Chromium) 89','187.136.3.7','Inactivo',''),(214,19,'2021-04-07T23:28:46','Edge (Chromium) 89','189.253.8.22','Inactivo',''),(215,16,'2021-04-07T23:28:48','Edge (Chromium) 89','187.136.3.7','Inactivo',''),(216,19,'2021-04-07T23:31:26','Edge (Chromium) 89','189.253.8.22','Inactivo',''),(217,17,'2021-04-07T23:32:43','Edge (Chromium) 89','187.136.3.7','Inactivo',''),(218,17,'2021-04-07T23:36:01','Edge (Chromium) 89','187.136.3.7','Inactivo',''),(219,16,'2021-04-07T23:36:26','Edge (Chromium) 89','187.136.3.7','Inactivo',''),(220,17,'2021-04-07T23:37:40','Edge (Chromium) 89','187.136.3.7','Inactivo',''),(221,19,'2021-04-08T00:01:35','Edge (Chromium) 89','189.253.8.22','Inactivo',''),(222,16,'2021-04-08T00:54:55','Edge (Chromium) 89','187.136.3.7','Inactivo',''),(223,17,'2021-04-08T00:58:32','Edge (Chromium) 89','187.136.3.7','Inactivo',''),(224,19,'2021-04-08T01:00:39','Edge (Chromium) 89','189.253.8.22','Inactivo',''),(225,19,'2021-04-08T01:11:41','Edge (Chromium) 89','189.253.8.22','Inactivo',''),(226,23,'2021-04-08T01:15:52','MOZILLA','177.228.43.142','Inactivo',''),(227,16,'2021-04-08T01:28:55','Edge (Chromium) 89','187.136.3.7','Inactivo',''),(228,16,'2021-04-08T01:40:46','Edge (Chromium) 89','187.136.3.7','Inactivo',''),(229,17,'2021-04-08T01:43:43','Edge (Chromium) 89','187.136.3.7','Inactivo',''),(230,2,'2021-04-08T01:47:05','MOZILLA','177.228.43.142','Activo','eyJ0eXAiOiJKV1QiLCJhbGciOiJIUzI1NiJ9.eyJwdWJsaWNfaWQiOjIsImV4cGlyYWNpb24iOiIyMDIxLTA0LTA4IDAyOjE3OjA1Ljk1MTcwNyJ9.QgJPO_hPTmRZgWeSZlblE_9mc1QpU_DCRleU-IfWRGs'),(231,17,'2021-04-08T01:48:14','MOZILLA','177.228.43.142','Inactivo',''),(232,19,'2021-04-08T01:51:57','Edge (Chromium) 89','189.253.8.22','Inactivo',''),(233,17,'2021-04-08T02:01:01','Edge (Chromium) 89','187.136.3.7','Inactivo',''),(234,17,'2021-04-08T02:16:35','Edge (Chromium) 89','187.136.3.7','Inactivo',''),(235,25,'2021-04-08T22:15:11','MOZILLA','177.228.43.142','Inactivo',''),(236,19,'2021-04-08T22:47:44','Edge (Chromium) 89','189.253.8.22','Inactivo',''),(237,19,'2021-04-08T23:02:43','Edge (Chromium) 89','189.253.8.22','Inactivo',''),(238,19,'2021-04-08T23:26:43','Edge (Chromium) 89','189.253.8.22','Inactivo',''),(239,19,'2021-04-08T23:47:22','Edge (Chromium) 89','189.253.8.22','Inactivo',''),(240,19,'2021-04-09T00:18:41','Edge (Chromium) 89','189.253.8.22','Inactivo',''),(241,19,'2021-04-09T19:02:18','Edge (Chromium) 89','189.253.8.22','Inactivo',''),(242,19,'2021-04-09T19:39:21','Edge (Chromium) 89','189.253.8.22','Inactivo',''),(243,19,'2021-04-09T20:03:43','Edge (Chromium) 89','189.253.8.22','Inactivo',''),(244,16,'2021-04-10T13:41:08','Edge (Chromium) 89','187.136.6.211','Inactivo',''),(245,16,'2021-04-10T13:42:42','Edge (Chromium) 89','187.136.6.211','Inactivo',''),(246,16,'2021-04-10T13:48:19','Edge (Chromium) 89','187.136.6.211','Inactivo',''),(247,16,'2021-04-10T13:51:52','Edge (Chromium) 89','187.136.6.211','Inactivo',''),(248,16,'2021-04-10T13:52:35','Edge (Chromium) 89','187.136.6.211','Inactivo',''),(249,16,'2021-04-10T13:52:50','Edge (Chromium) 89','187.136.6.211','Inactivo',''),(250,16,'2021-04-10T14:00:16','Edge (Chromium) 89','187.136.6.211','Inactivo',''),(251,16,'2021-04-10T14:08:16','Edge (Chromium) 89','187.136.6.211','Inactivo',''),(252,17,'2021-04-10T14:08:38','Edge (Chromium) 89','187.136.6.211','Inactivo',''),(253,17,'2021-04-10T14:20:10','Edge (Chromium) 89','187.136.6.211','Inactivo',''),(254,19,'2021-04-10T14:34:43','Edge (Chromium) 89','189.253.8.22','Inactivo',''),(255,17,'2021-04-10T15:01:34','Edge (Chromium) 89','187.136.6.211','Inactivo',''),(256,17,'2021-04-10T15:04:22','Edge (Chromium) 89','187.136.6.211','Inactivo',''),(257,25,'2021-04-10T15:05:50','MOZILLA','177.228.43.142','Inactivo',''),(258,25,'2021-04-10T15:34:44','MOZILLA','177.228.43.142','Inactivo',''),(259,19,'2021-04-10T15:56:08','Edge (Chromium) 89','189.253.8.22','Inactivo',''),(260,16,'2021-04-10T19:23:05','Edge (Chromium) 89','187.136.6.211','Inactivo',''),(261,16,'2021-04-10T19:23:48','Edge (Chromium) 89','187.136.6.211','Inactivo',''),(262,17,'2021-04-10T19:30:06','Edge (Chromium) 89','187.136.6.211','Inactivo',''),(263,25,'2021-04-10T19:34:16','MOZILLA','177.228.43.142','Inactivo',''),(264,25,'2021-04-10T19:45:30','MOZILLA','177.228.43.142','Inactivo',''),(265,25,'2021-04-10T20:05:18','MOZILLA','177.228.43.142','Inactivo',''),(266,17,'2021-04-10T20:12:32','Edge (Chromium) 89','187.136.6.211','Inactivo',''),(267,19,'2021-04-10T20:15:55','Edge (Chromium) 89','189.253.8.22','Inactivo',''),(268,25,'2021-04-10T20:18:49','MOZILLA','177.228.43.142','Inactivo',''),(269,19,'2021-04-10T20:49:59','Edge (Chromium) 89','189.253.8.22','Inactivo',''),(270,16,'2021-04-10T23:37:52','Edge (Chromium) 89','187.136.6.211','Inactivo',''),(271,16,'2021-04-11T00:01:58','Edge (Chromium) 89','187.136.6.211','Inactivo',''),(272,16,'2021-04-11T00:03:52','Edge (Chromium) 89','187.136.6.211','Inactivo',''),(273,17,'2021-04-11T00:04:20','Edge (Chromium) 89','187.136.6.211','Inactivo',''),(274,16,'2021-04-11T00:04:49','Edge (Chromium) 89','187.136.6.211','Inactivo',''),(275,16,'2021-04-11T00:05:02','Edge (Chromium) 89','187.136.6.211','Inactivo',''),(276,16,'2021-04-11T00:07:44','Edge (Chromium) 89','187.136.6.211','Inactivo',''),(277,16,'2021-04-11T00:56:23','Edge (Chromium) 89','187.136.6.211','Inactivo',''),(278,16,'2021-04-11T01:16:39','Edge (Chromium) 89','187.136.6.211','Inactivo',''),(279,17,'2021-04-11T01:51:25','Edge (Chromium) 89','187.136.6.211','Inactivo',''),(280,17,'2021-04-11T02:14:44','Edge (Chromium) 89','187.136.6.211','Inactivo',''),(281,16,'2021-04-11T02:30:10','Edge (Chromium) 89','187.136.6.211','Inactivo',''),(282,23,'2021-04-12T00:09:21','MOZILLA','177.228.43.142','Inactivo',''),(283,17,'2021-04-12T03:23:33','Edge (Chromium) 89','187.136.6.211','Inactivo',''),(284,16,'2021-04-12T03:36:11','Edge (Chromium) 89','187.136.6.211','Inactivo',''),(285,20,'2021-04-12T15:53:47','MOZILLA','177.228.43.142','Inactivo',''),(286,20,'2021-04-12T16:18:31','MOZILLA','177.228.43.142','Inactivo',''),(287,19,'2021-04-13T00:39:56','Edge (Chromium) 89','189.253.8.22','Inactivo',''),(288,25,'2021-04-13T00:51:34','MOZILLA','177.228.43.142','Inactivo',''),(289,25,'2021-04-13T01:11:24','MOZILLA','177.228.43.142','Inactivo',''),(290,25,'2021-04-13T01:20:18','MOZILLA','177.228.43.142','Inactivo',''),(291,25,'2021-04-13T01:20:26','MOZILLA','177.228.43.142','Inactivo',''),(292,25,'2021-04-13T01:39:50','MOZILLA','177.228.43.142','Inactivo',''),(293,25,'2021-04-13T01:44:34','MOZILLA','177.228.43.142','Inactivo',''),(294,25,'2021-04-13T02:15:39','MOZILLA','177.228.43.142','Inactivo',''),(295,19,'2021-04-13T04:39:14','Edge (Chromium) 89','189.253.8.22','Inactivo',''),(296,19,'2021-04-13T19:04:32','Edge (Chromium) 89','189.253.8.22','Inactivo',''),(297,17,'2021-04-13T21:51:24','Edge (Chromium) 89','187.136.7.125','Inactivo',''),(298,16,'2021-04-13T21:53:05','Edge (Chromium) 89','187.136.7.125','Inactivo',''),(299,16,'2021-04-13T22:05:41','Edge (Chromium) 89','187.136.7.125','Inactivo',''),(300,17,'2021-04-13T22:05:53','Edge (Chromium) 89','187.136.7.125','Inactivo',''),(301,16,'2021-04-13T22:08:07','Edge (Chromium) 89','187.136.7.125','Inactivo',''),(302,25,'2021-04-13T22:41:25','MOZILLA','177.228.43.142','Inactivo',''),(303,17,'2021-04-13T23:03:06','Edge (Chromium) 89','187.136.7.125','Inactivo',''),(304,16,'2021-04-13T23:09:44','Edge (Chromium) 89','187.136.7.125','Inactivo',''),(305,17,'2021-04-13T23:10:49','Edge (Chromium) 89','187.136.7.125','Inactivo',''),(306,19,'2021-04-13T23:20:05','Edge (Chromium) 89','189.253.8.22','Inactivo',''),(307,16,'2021-04-13T23:23:32','Edge (Chromium) 89','187.136.7.125','Inactivo',''),(308,23,'2021-04-13T23:40:11','MOZILLA','177.228.43.142','Inactivo',''),(309,23,'2021-04-13T23:41:16','MOZILLA','177.228.43.142','Activo','eyJ0eXAiOiJKV1QiLCJhbGciOiJIUzI1NiJ9.eyJwdWJsaWNfaWQiOjIzLCJleHBpcmFjaW9uIjoiMjAyMS0wNC0xNCAwMDoxMToxNi4zMTUxMjgifQ.Qb2qb4Iv1g_KL24hxBJ8iepUGkDZ12Km-1cQ-K5fRSY'),(310,19,'2021-04-13T23:54:47','Edge (Chromium) 89','189.253.8.22','Inactivo',''),(311,25,'2021-04-14T00:05:46','MOZILLA','177.228.43.142','Inactivo',''),(312,16,'2021-04-14T00:15:00','Edge (Chromium) 89','187.136.7.125','Inactivo',''),(313,28,'2021-04-14T00:16:53','Edge (Chromium) 89','187.136.7.125','Activo','eyJ0eXAiOiJKV1QiLCJhbGciOiJIUzI1NiJ9.eyJwdWJsaWNfaWQiOjI4LCJleHBpcmFjaW9uIjoiMjAyMS0wNC0xNCAwMDo0Njo1My42NjM1MzkifQ.eNjGkWXAuA8DO158gMPoFqv2K_UBECdrB1otAul3bvw'),(314,16,'2021-04-14T00:17:35','Edge (Chromium) 89','187.136.7.125','Inactivo',''),(315,17,'2021-04-14T00:18:24','Edge (Chromium) 89','187.136.7.125','Inactivo',''),(316,17,'2021-04-14T00:18:49','Edge (Chromium) 89','187.136.7.125','Inactivo',''),(317,17,'2021-04-14T00:19:17','Edge (Chromium) 89','187.136.7.125','Inactivo',''),(318,17,'2021-04-14T00:19:51','Edge (Chromium) 89','187.136.7.125','Inactivo',''),(319,16,'2021-04-14T00:20:10','Edge (Chromium) 89','187.136.7.125','Inactivo',''),(320,19,'2021-04-14T00:20:35','Edge (Chromium) 89','187.136.7.125','Inactivo',''),(321,19,'2021-04-14T00:21:29','Edge (Chromium) 89','189.253.8.22','Inactivo',''),(322,17,'2021-04-14T00:21:31','Edge (Chromium) 89','187.136.7.125','Inactivo',''),(323,17,'2021-04-14T00:25:12','Edge (Chromium) 89','187.136.7.125','Inactivo',''),(324,17,'2021-04-14T00:32:59','Edge (Chromium) 89','187.136.7.125','Inactivo',''),(325,16,'2021-04-14T00:33:21','Edge (Chromium) 89','187.136.7.125','Inactivo',''),(326,19,'2021-04-14T00:34:57','Edge (Chromium) 89','189.253.8.22','Inactivo',''),(327,19,'2021-04-14T00:40:22','Edge (Chromium) 89','189.253.8.22','Inactivo',''),(328,19,'2021-04-14T00:49:27','Edge (Chromium) 89','189.253.8.22','Inactivo',''),(329,19,'2021-04-14T01:09:58','Edge (Chromium) 89','189.253.8.22','Inactivo',''),(330,19,'2021-04-14T01:47:41','Edge (Chromium) 89','189.253.8.22','Inactivo',''),(331,17,'2021-04-14T02:48:48','Edge (Chromium) 89','187.136.7.125','Inactivo',''),(332,19,'2021-04-14T18:21:19','Edge (Chromium) 89','189.253.8.22','Inactivo',''),(333,19,'2021-04-14T20:04:46','Edge (Chromium) 89','189.253.8.22','Inactivo',''),(334,19,'2021-04-14T22:47:55','Edge (Chromium) 89','189.253.8.22','Inactivo',''),(335,19,'2021-04-14T22:59:21','Edge (Chromium) 89','189.253.8.22','Inactivo',''),(336,16,'2021-04-14T23:14:53','Edge (Chromium) 89','187.136.7.125','Inactivo',''),(337,17,'2021-04-14T23:15:47','Edge (Chromium) 89','187.136.7.125','Inactivo',''),(338,19,'2021-04-14T23:30:49','Edge (Chromium) 89','189.253.8.22','Inactivo',''),(339,17,'2021-04-14T23:39:30','Edge (Chromium) 89','187.136.7.125','Inactivo',''),(340,19,'2021-04-15T00:01:12','Edge (Chromium) 89','189.253.8.22','Inactivo',''),(341,19,'2021-04-15T01:10:33','Edge (Chromium) 89','189.253.8.22','Inactivo',''),(342,19,'2021-04-15T01:16:08','Edge (Chromium) 89','189.253.8.22','Inactivo',''),(343,19,'2021-04-15T01:16:34','Edge (Chromium) 89','189.253.8.22','Inactivo',''),(344,19,'2021-04-15T01:17:17','Edge (Chromium) 89','189.253.8.22','Inactivo',''),(345,17,'2021-04-15T01:19:05','Edge (Chromium) 89','187.136.7.125','Inactivo',''),(346,19,'2021-04-15T01:20:10','Edge (Chromium) 89','189.253.8.22','Inactivo',''),(347,19,'2021-04-15T01:31:42','Edge (Chromium) 89','189.253.8.22','Inactivo',''),(348,19,'2021-04-15T01:50:15','Edge (Chromium) 89','189.253.8.22','Inactivo',''),(349,19,'2021-04-15T01:52:45','Edge (Chromium) 89','189.253.8.22','Inactivo',''),(350,19,'2021-04-15T02:02:08','Edge (Chromium) 89','189.253.8.22','Inactivo',''),(351,19,'2021-04-15T02:02:28','Edge (Chromium) 89','189.253.8.22','Inactivo',''),(352,19,'2021-04-15T02:48:22','Edge (Chromium) 89','189.253.8.22','Inactivo',''),(353,20,'2021-04-15T03:12:36','MOZILLA','177.228.43.142','Inactivo',''),(354,17,'2021-04-15T03:24:31','Edge (Chromium) 89','187.136.4.53','Inactivo',''),(355,17,'2021-04-15T03:27:01','Edge (Chromium) 89','187.136.4.53','Inactivo',''),(356,16,'2021-04-15T03:33:52','Edge (Chromium) 89','187.136.4.53','Inactivo',''),(357,17,'2021-04-15T05:40:44','Edge (Chromium) 89','200.68.141.43','Inactivo',''),(358,17,'2021-04-15T05:43:12','Edge (Chromium) 89','200.68.141.43','Inactivo',''),(359,17,'2021-04-15T05:58:34','Edge (Chromium) 89','200.68.141.43','Inactivo',''),(360,17,'2021-04-15T06:26:43','Chrome 77','187.136.4.53','Inactivo',''),(361,20,'2021-04-15T13:36:24','MOZILLA','177.228.43.142','Inactivo',''),(362,20,'2021-04-15T13:52:26','MOZILLA','177.228.43.142','Inactivo',''),(363,20,'2021-04-15T14:02:00','MOZILLA','177.228.43.142','Inactivo',''),(364,17,'2021-04-15T14:31:19','Edge (Chromium) 89','187.136.4.53','Inactivo',''),(365,16,'2021-04-15T14:32:31','Edge (Chromium) 89','187.136.4.53','Inactivo',''),(366,17,'2021-04-15T15:53:29','Chrome 89','187.136.4.53','Inactivo',''),(367,16,'2021-04-15T15:54:24','Edge (Chromium) 89','187.136.4.53','Inactivo',''),(368,19,'2021-04-15T16:21:37','Edge (Chromium) 89','189.253.8.22','Inactivo',''),(369,19,'2021-04-15T16:39:26','Edge (Chromium) 89','189.253.8.22','Inactivo',''),(370,19,'2021-04-15T17:18:18','Edge (Chromium) 89','189.253.8.22','Inactivo',''),(371,19,'2021-04-15T17:51:51','Edge (Chromium) 89','189.253.8.22','Inactivo',''),(372,19,'2021-04-15T18:00:23','Edge (Chromium) 89','189.253.8.22','Inactivo',''),(373,20,'2021-04-15T18:42:45','MOZILLA','177.228.43.142','Inactivo',''),(374,21,'2021-04-15T18:44:58','MOZILLA','177.228.43.142','Inactivo',''),(375,21,'2021-04-15T18:46:25','MOZILLA','177.228.43.142','Inactivo',''),(376,21,'2021-04-15T19:08:06','MOZILLA','177.228.43.142','Inactivo',''),(377,21,'2021-04-15T20:26:24','MOZILLA','177.228.43.142','Inactivo',''),(378,21,'2021-04-15T21:20:55','MOZILLA','177.228.43.142','Inactivo',''),(379,25,'2021-04-15T22:06:56','Chrome 89','177.228.36.199','Inactivo',''),(380,19,'2021-04-15T22:42:27','Edge (Chromium) 89','189.253.8.22','Inactivo',''),(381,17,'2021-04-15T22:54:55','Edge (Chromium) 89','187.136.4.53','Inactivo',''),(382,16,'2021-04-15T22:59:03','Edge (Chromium) 89','187.136.4.53','Inactivo',''),(383,21,'2021-04-15T23:09:47','MOZILLA','177.228.43.142','Activo','eyJ0eXAiOiJKV1QiLCJhbGciOiJIUzI1NiJ9.eyJwdWJsaWNfaWQiOjIxLCJleHBpcmFjaW9uIjoiMjAyMS0wNC0xNSAyMzozOTo0Ny4xMzMzMjAifQ.H2Wd65-Yw6ApYTzFiGTjA1pdk3otJXXjpWyzJs-Vejs'),(384,19,'2021-04-15T23:13:00','Edge (Chromium) 89','189.253.8.22','Inactivo',''),(385,16,'2021-04-15T23:34:51','Edge (Chromium) 89','187.136.4.53','Inactivo',''),(386,16,'2021-04-15T23:53:40','Edge (Chromium) 89','187.136.4.53','Inactivo',''),(387,16,'2021-04-16T00:07:19','Edge (Chromium) 89','187.136.4.53','Inactivo',''),(388,19,'2021-04-16T00:18:03','Edge (Chromium) 89','189.253.8.22','Inactivo',''),(389,19,'2021-04-16T00:27:37','Edge (Chromium) 89','189.253.8.22','Inactivo',''),(390,25,'2021-04-16T00:30:43','Chrome 89','177.228.36.199','Inactivo',''),(391,17,'2021-04-16T00:30:59','Edge (Chromium) 89','187.136.7.96','Inactivo',''),(392,17,'2021-04-16T00:40:25','Edge (Chromium) 89','187.136.7.96','Inactivo',''),(393,16,'2021-04-16T00:40:32','Edge (Chromium) 89','187.136.7.96','Inactivo',''),(394,19,'2021-04-16T00:46:58','Edge (Chromium) 89','189.253.8.22','Inactivo',''),(395,16,'2021-04-16T00:53:34','Edge (Chromium) 89','187.136.7.96','Inactivo',''),(396,17,'2021-04-16T00:54:13','Edge (Chromium) 89','187.136.7.96','Inactivo',''),(397,25,'2021-04-16T00:55:16','Chrome 89','177.228.36.199','Inactivo',''),(398,24,'2021-04-16T00:55:33','Chrome 89','177.228.36.199','Activo','eyJ0eXAiOiJKV1QiLCJhbGciOiJIUzI1NiJ9.eyJwdWJsaWNfaWQiOjI0LCJleHBpcmFjaW9uIjoiMjAyMS0wNC0xNiAwMToyNTozMy4yOTYyNjcifQ.HjYI_OS5vn0bTz_soaQv12SXkGLWWzzTog1-20xtI5g'),(399,16,'2021-04-16T01:16:11','Edge (Chromium) 89','187.136.7.96','Inactivo',''),(400,19,'2021-04-16T01:17:15','Edge (Chromium) 89','189.253.8.22','Inactivo',''),(401,19,'2021-04-16T01:47:35','Edge (Chromium) 89','189.253.8.22','Inactivo',''),(402,19,'2021-04-16T01:54:35','Edge (Chromium) 89','189.253.8.22','Inactivo',''),(403,16,'2021-04-16T01:58:37','Edge (Chromium) 89','187.136.7.96','Inactivo',''),(404,20,'2021-04-16T02:14:22','Edge (Chromium) 89','187.188.64.214','Activo','eyJ0eXAiOiJKV1QiLCJhbGciOiJIUzI1NiJ9.eyJwdWJsaWNfaWQiOjIwLCJleHBpcmFjaW9uIjoiMjAyMS0wNC0xNiAwMjo0NDoyMi45NzYyNzcifQ.1HPTEBE9UkZcGOmR0inB-mTTOiHGdO4rzZCWPXRmdqM'),(405,19,'2021-04-16T02:15:00','Edge (Chromium) 89','189.253.8.22','Inactivo',''),(406,16,'2021-04-16T02:15:28','Edge (Chromium) 89','187.136.7.96','Inactivo',''),(407,16,'2021-04-16T02:23:25','Edge (Chromium) 89','187.136.7.96','Inactivo',''),(408,19,'2021-04-16T02:51:26','Edge (Chromium) 89','189.253.8.22','Inactivo',''),(409,17,'2021-04-16T03:00:53','Edge (Chromium) 89','200.68.141.1','Inactivo',''),(410,16,'2021-04-16T03:01:11','Edge (Chromium) 89','200.68.141.1','Inactivo',''),(411,16,'2021-04-16T03:03:20','Edge (Chromium) 89','200.68.141.1','Inactivo',''),(412,16,'2021-04-16T03:06:02','Edge (Chromium) 89','200.68.141.1','Inactivo',''),(413,16,'2021-04-16T04:16:14','Edge (Chromium) 89','187.136.7.96','Inactivo',''),(414,17,'2021-04-16T04:20:28','Edge (Chromium) 89','187.136.7.96','Inactivo',''),(415,19,'2021-04-16T23:55:26','Edge (Chromium) 89','189.253.8.22','Inactivo',''),(416,17,'2021-04-17T00:02:16','Edge (Chromium) 89','187.136.7.96','Inactivo',''),(417,16,'2021-04-17T00:04:33','Edge (Chromium) 89','187.136.7.96','Inactivo',''),(418,16,'2021-04-17T00:07:58','Edge (Chromium) 89','187.136.7.96','Inactivo',''),(419,17,'2021-04-17T00:12:59','Edge (Chromium) 89','187.136.7.96','Activo','eyJ0eXAiOiJKV1QiLCJhbGciOiJIUzI1NiJ9.eyJwdWJsaWNfaWQiOjE3LCJleHBpcmFjaW9uIjoiMjAyMS0wNC0xNyAwMDo0Mjo1OS43OTAwMDMifQ.gIueg1CelTmGH5-4HTgTiSYnbrjttFIk9JdLKAWIJs8'),(420,19,'2021-04-17T00:27:20','Edge (Chromium) 89','189.253.8.22','Activo','eyJ0eXAiOiJKV1QiLCJhbGciOiJIUzI1NiJ9.eyJwdWJsaWNfaWQiOjE5LCJleHBpcmFjaW9uIjoiMjAyMS0wNC0xNyAwMDo1NzoyMC4xMDg1NDgifQ.9kkb5HqsTKOJEmqyXbED21BydWxV8QkZv_Cp4tesqMU');
/*!40000 ALTER TABLE `inicio_sesion` ENABLE KEYS */;
UNLOCK TABLES;

--
-- Table structure for table `log_acciones_usuario`
--

DROP TABLE IF EXISTS `log_acciones_usuario`;
/*!40101 SET @saved_cs_client     = @@character_set_client */;
/*!40101 SET character_set_client = utf8 */;
CREATE TABLE `log_acciones_usuario` (
  `_id` int(11) NOT NULL AUTO_INCREMENT,
  `usuario` varchar(45) NOT NULL,
  `accion` varchar(45) NOT NULL,
  `tabla_objetivo` varchar(45) NOT NULL,
  `registro_objetivo` int(11) NOT NULL,
  `fecha` varchar(45) NOT NULL,
  PRIMARY KEY (`_id`)
) ENGINE=InnoDB AUTO_INCREMENT=114 DEFAULT CHARSET=utf8;
/*!40101 SET character_set_client = @saved_cs_client */;

--
-- Dumping data for table `log_acciones_usuario`
--

LOCK TABLES `log_acciones_usuario` WRITE;
/*!40000 ALTER TABLE `log_acciones_usuario` DISABLE KEYS */;
INSERT INTO `log_acciones_usuario` VALUES (1,'2','Desactivar','usuario',11,'2021-04-03T23:49:46'),(2,'2','Agregar','usuario',12,'2021-04-03T23:50:15'),(3,'12','Agregar','rol_usuario',13,'2021-04-04T00:44:14'),(4,'12','Desactivar','rol_usuario',13,'2021-04-04T00:44:20'),(5,'12','Modificar','rol_usuario',13,'2021-04-04T00:44:42'),(6,'12','Modificar','rol_usuario',13,'2021-04-04T00:44:53'),(7,'12','Modificar','rol_usuario',13,'2021-04-04T00:45:03'),(8,'12','Modificar','usuario',12,'2021-04-04T01:40:22'),(9,'2','Desactivar','usuario',12,'2021-04-04T01:51:52'),(10,'2','Reactuvar','usuario',12,'2021-04-04T02:05:28'),(11,'2','Agregar','usuario',13,'2021-04-04T02:07:11'),(12,'13','Modificar','usuario',13,'2021-04-04T02:09:09'),(13,'2','Modificar','usuario',13,'2021-04-04T02:32:36'),(14,'2','Modificar','usuario',13,'2021-04-04T02:33:29'),(15,'2','Desactivar','usuario',13,'2021-04-04T02:34:11'),(16,'2','Agregar','usuario',14,'2021-04-04T02:34:49'),(17,'2','Modificar','usuario',14,'2021-04-04T02:35:33'),(18,'2','Modificar','usuario',14,'2021-04-04T02:37:29'),(19,'2','Desactivar','usuario',14,'2021-04-04T02:37:35'),(20,'2','Agregar','usuario',15,'2021-04-04T02:38:24'),(21,'2','Modificar','usuario',15,'2021-04-04T02:43:29'),(22,'2','Desactivar','usuario',15,'2021-04-04T05:05:34'),(23,'2','Desactivar','usuario',12,'2021-04-04T05:05:43'),(24,'2','Agregar','usuario',16,'2021-04-05T22:53:45'),(25,'16','Agregar','usuario',17,'2021-04-06T01:33:17'),(26,'17','Modificar','usuario',17,'2021-04-06T01:34:12'),(27,'16','Modificar','usuario',17,'2021-04-06T01:34:47'),(28,'17','Modificar','usuario',17,'2021-04-06T01:35:11'),(29,'16','Modificar','usuario',17,'2021-04-06T01:36:14'),(30,'16','Modificar','usuario',17,'2021-04-06T01:36:32'),(31,'16','Modificar','usuario',17,'2021-04-06T01:36:36'),(32,'17','Modificar','usuario',17,'2021-04-06T01:43:52'),(33,'2','Agregar','Ingrediente',13,'2021-04-06T23:48:05'),(34,'2','Modificar','Ingrediente',13,'2021-04-06T23:48:34'),(35,'2','Desactivar','Ingrediente',11,'2021-04-07T01:10:30'),(36,'2','Desactivar','Ingrediente',12,'2021-04-07T01:10:34'),(37,'16','Agregar','usuario',18,'2021-04-07T01:12:19'),(38,'16','Agregar','usuario',19,'2021-04-07T01:12:27'),(39,'16','Agregar','usuario',20,'2021-04-07T01:13:08'),(40,'16','Agregar','usuario',21,'2021-04-07T01:13:21'),(41,'16','Agregar','usuario',22,'2021-04-07T01:17:49'),(42,'16','Agregar','usuario',23,'2021-04-07T01:17:58'),(43,'16','Agregar','usuario',24,'2021-04-07T01:18:48'),(44,'16','Agregar','usuario',25,'2021-04-07T01:19:06'),(45,'19','Agregar','Ingrediente',14,'2021-04-07T02:56:28'),(46,'19','Modificar','Ingrediente',14,'2021-04-07T02:57:56'),(47,'19','Modificar','Ingrediente',14,'2021-04-07T02:58:36'),(48,'19','Desactivar','Ingrediente',14,'2021-04-07T02:58:49'),(49,'19','Agregar','Ingrediente',15,'2021-04-07T03:02:49'),(50,'19','Agregar','Ingrediente',16,'2021-04-07T19:29:00'),(51,'19','Agregar','Ingrediente',17,'2021-04-07T19:40:35'),(52,'19','Agregar','Ingrediente',18,'2021-04-07T19:45:55'),(53,'19','Agregar','Ingrediente',19,'2021-04-07T19:45:59'),(54,'19','Agregar','Ingrediente',20,'2021-04-07T19:46:21'),(55,'19','Desactivar','Ingrediente',19,'2021-04-07T19:46:32'),(56,'19','Agregar','Ingrediente',21,'2021-04-07T19:47:25'),(57,'19','Agregar','Ingrediente',22,'2021-04-07T19:48:35'),(58,'19','Desactivar','Ingrediente',22,'2021-04-07T20:05:02'),(59,'19','Desactivar','Ingrediente',21,'2021-04-07T20:05:06'),(60,'19','Desactivar','Ingrediente',20,'2021-04-07T20:05:10'),(61,'19','Desactivar','Ingrediente',17,'2021-04-07T20:05:13'),(62,'19','Desactivar','Ingrediente',18,'2021-04-07T20:05:16'),(63,'19','Desactivar','Ingrediente',16,'2021-04-07T20:05:24'),(64,'19','Agregar','Ingrediente',23,'2021-04-07T22:07:33'),(65,'23','Agregar','Ingrediente',24,'2021-04-07T22:09:15'),(66,'16','Agregar','usuario',26,'2021-04-07T22:09:19'),(67,'19','Agregar','Ingrediente',25,'2021-04-07T22:09:47'),(68,'19','Agregar','Ingrediente',26,'2021-04-07T22:11:48'),(69,'16','Modificar','usuario',25,'2021-04-07T23:08:49'),(70,'16','Desactivar','usuario',26,'2021-04-07T23:09:04'),(71,'19','Agregar','Ingrediente',27,'2021-04-07T23:32:03'),(72,'19','Agregar','Ingrediente',28,'2021-04-07T23:32:50'),(73,'19','Agregar','Ingrediente',29,'2021-04-07T23:34:13'),(74,'19','Agregar','Ingrediente',30,'2021-04-07T23:34:33'),(75,'16','Modificar','usuario',25,'2021-04-08T00:57:43'),(76,'16','Agregar','usuario',27,'2021-04-11T00:58:12'),(77,'16','Agregar','usuario',28,'2021-04-11T01:21:40'),(78,'16','Agregar','usuario',29,'2021-04-11T01:27:36'),(79,'16','Agregar','usuario',31,'2021-04-11T01:33:57'),(80,'16','Desactivar','usuario',31,'2021-04-11T01:34:03'),(81,'19','Agregar','ingrediente',7,'2021-04-13T04:45:04'),(82,'19','Modificar','ingrediente',7,'2021-04-13T04:45:59'),(83,'16','Desactivar','usuario',27,'2021-04-14T00:16:22'),(84,'28','Modificar','usuario',28,'2021-04-14T00:17:25'),(85,'16','Modificar','usuario',17,'2021-04-14T23:15:14'),(86,'16','Modificar','usuario',16,'2021-04-14T23:15:22'),(87,'17','Modificar','usuario',10,'2021-04-15T03:31:19'),(88,'17','Agregar','usuario',32,'2021-04-15T03:32:17'),(89,'25','Modificar','ingrediente',25,'2021-04-15T22:10:55'),(90,'19','Modificar','ingrediente',9,'2021-04-15T23:15:23'),(91,'19','Modificar','ingrediente',10,'2021-04-15T23:15:47'),(92,'19','Modificar','ingrediente',11,'2021-04-15T23:16:06'),(93,'19','Modificar','ingrediente',20,'2021-04-15T23:17:12'),(94,'19','Modificar','ingrediente',21,'2021-04-15T23:17:41'),(95,'19','Modificar','ingrediente',38,'2021-04-15T23:18:03'),(96,'19','Modificar','ingrediente',34,'2021-04-15T23:18:28'),(97,'19','Agregar','ingrediente',39,'2021-04-15T23:23:16'),(98,'19','Desactivar','ingrediente',39,'2021-04-15T23:25:38'),(99,'19','Reactivar','ingrediente',39,'2021-04-15T23:37:49'),(100,'19','Desactivar','ingrediente',39,'2021-04-15T23:37:57'),(101,'17','Desactivar','usuario',32,'2021-04-16T04:21:02'),(102,'16','Modificar','ingrediente',9,'2021-04-17T00:04:44'),(103,'16','Modificar','ingrediente',9,'2021-04-17T00:04:55'),(104,'16','Modificar','ingrediente',9,'2021-04-17T00:05:08'),(105,'16','Modificar','ingrediente',9,'2021-04-17T00:05:34'),(106,'19','Modificar','ingrediente',9,'2021-04-17T00:05:55'),(107,'19','Agregar','ingrediente',40,'2021-04-17T00:09:57'),(108,'19','Desactivar','ingrediente',40,'2021-04-17T00:12:16'),(109,'19','Agregar','ingrediente',41,'2021-04-17T00:21:07'),(110,'19','Desactivar','ingrediente',41,'2021-04-17T00:21:23'),(111,'19','Reactivar','ingrediente',41,'2021-04-17T00:36:12'),(112,'19','Modificar','ingrediente',41,'2021-04-17T00:36:33'),(113,'19','Desactivar','ingrediente',41,'2021-04-17T00:36:42');
/*!40000 ALTER TABLE `log_acciones_usuario` ENABLE KEYS */;
UNLOCK TABLES;

--
-- Table structure for table `producto`
--

DROP TABLE IF EXISTS `producto`;
/*!40101 SET @saved_cs_client     = @@character_set_client */;
/*!40101 SET character_set_client = utf8 */;
CREATE TABLE `producto` (
  `_id` int(11) NOT NULL AUTO_INCREMENT,
  `nombre` varchar(50) NOT NULL,
  `descripcion` varchar(100) DEFAULT 'null',
  `foto` varchar(24) DEFAULT NULL,
  `precio` double NOT NULL,
  `estatus` enum('Activo','Inactivo') DEFAULT 'Activo',
  `usuario` int(11) NOT NULL,
  `fecha_registro` varchar(45) NOT NULL,
  PRIMARY KEY (`_id`)
) ENGINE=InnoDB AUTO_INCREMENT=57 DEFAULT CHARSET=utf8;
/*!40101 SET character_set_client = @saved_cs_client */;

--
-- Dumping data for table `producto`
--

LOCK TABLES `producto` WRITE;
/*!40000 ALTER TABLE `producto` DISABLE KEYS */;
INSERT INTO `producto` VALUES (32,'Cafe Capuchino Vainilla / Chico','Taza Chica de Cafe Chapuchino Vainilla caliente, perfecto para tomar en las mañanas  ','xyldgk2qtu0ao7rbqrwh',20,'Activo',16,'16/04/2021  00:38:46'),(33,'Bisquets','2 piezas de bisquet','kali7fr9bkxblgifnlur',15,'Activo',19,'16/04/2021  00:38:46'),(34,'Bisquets con mermelada','2 piezas de bisquet con mermelada','frttwypor6podfsvalkj',18,'Activo',19,'16/04/2021  00:38:46'),(35,'Mermelada adicional','1 onza de mermelada de fresa','a42se2q9opwzqo7q1bub',3,'Activo',19,'16/04/2021  00:38:46'),(36,'Cajeta adicional','1 onza de cajeta','iq7fga2lhmucri0sglsh',3,'Activo',19,'16/04/2021  00:38:46'),(37,'Cafe Capuchino  latte / Chico','Taza  de Cafe Capuchino Late con leche caliente y cafe expresso','m4crl85c671pvislm72b',20,'Activo',19,'16/04/2021  00:38:46'),(38,'Pan dulce','1 pieza de pan recién horneado','i8wehqo4sjpkprtipg3j',5,'Activo',19,'16/04/2021  00:38:46'),(39,'Hot cakes','3 hotcakes recién hechos con mantequilla','h2zbd9bxyuykgmvyqljb',20,'Activo',19,'16/04/2021  00:38:46'),(40,'Cafe Americano / Chico','Taza de cafe cargado caliente sin azucar ','yg4kisgqlu4en2owdimj',15,'Activo',19,'16/04/2021  00:38:46'),(41,'Alfajor','Galletas argentinas hechas de dulce de leche, con nuez y azúcar glass.','secehi7n0ldesbgujowh',10,'Activo',19,'16/04/2021  00:38:46'),(42,'Chocolate Caliente / Chico','Taza de Chcolate con leche caliente sabroso para acompañar con un buen pan ','qy7yuj8od5nehcd2yark',20,'Activo',19,'16/04/2021  00:38:46'),(43,'Bolillo','1 bolillo','or8llclr3kg0omly4k4c',3,'Activo',19,'16/04/2021  00:38:46'),(44,'Frappe De Cafe capuchino / Chico ','Frappe de cafe capuchino con leche, chocolate derretido y chantillin  ','memjki1rdlup9pv20sqj',30,'Activo',19,'16/04/2021  00:38:46'),(45,'Moka frío / Chico ','Cafe frio sabor Cafe moka ','def85020au4w3skthldi',25,'Activo',19,'16/04/2021  00:38:46'),(46,'Moka Blanco Frio / Chico ','Cafe frio sabor moka con mucha leche','y4furobckdnbmxvi409e',25,'Activo',19,'16/04/2021  00:38:46'),(47,'Cafe Expreso con Chantillin / Chico ','Cafe expresso Acompañado con chantillin ','ogfgyisyfrfjycornylu',22,'Activo',19,'16/04/2021  00:38:46'),(48,'Te de manzanilla / Chico','Taza de Te Caliente Sabor manzanilla ','giafjprxufojtapry6gb',14,'Activo',19,'16/04/2021  00:38:46'),(49,'Te de Limon / Chico ','Taza de te Caliente Sabor Limon ','hx5czg18tyoof325aa4g',14,'Activo',19,'16/04/2021  00:38:46'),(50,'Jugo de Naranja / Chico ','Vaso de Jugo natural de naranja ','xjish1nttp44zxe9pte9',18,'Activo',19,'16/04/2021  00:38:46'),(51,'Café con chocolate / Chico','Cafe caliente en especial capuchino con chocolate derretido ','yz6jqphs8c2e3u4ds5hk',20,'Activo',16,'16/04/2021  00:38:46'),(52,'Te Chai','Taza de Te Caliente combinado de manzanilla y limon ','rgpqmwrhlija3sj9phe3',15,'Activo',19,'16/04/2021  00:38:46'),(53,'Jugo de Zanahoria / Chica ','Vaso de Jugo natural de zanahoria','lzrpmhpz0gpb11hof9ev',18,'Activo',19,'16/04/2021  00:38:46'),(54,'cafe americano Prueba ','Es de prueba este producto','',20,'Inactivo',19,'15/04/2021  21:20:36'),(55,'cafe de veracruz / prueba','Es de prueba este producto','wpjwa0kjdxidb2rbil5z',50,'Inactivo',19,'16/04/2021  00:38:46'),(56,'Prueba','Prueba','',123,'Inactivo',16,'16/04/2021  00:38:46');
/*!40000 ALTER TABLE `producto` ENABLE KEYS */;
UNLOCK TABLES;

--
-- Table structure for table `rol_usuario`
--

DROP TABLE IF EXISTS `rol_usuario`;
/*!40101 SET @saved_cs_client     = @@character_set_client */;
/*!40101 SET character_set_client = utf8 */;
CREATE TABLE `rol_usuario` (
  `_id` int(10) unsigned NOT NULL AUTO_INCREMENT,
  `nombre` varchar(45) NOT NULL,
  `descripcion` varchar(100) NOT NULL,
  `estatus` enum('Activo','Inactivo') NOT NULL,
  PRIMARY KEY (`_id`)
) ENGINE=InnoDB AUTO_INCREMENT=14 DEFAULT CHARSET=utf8;
/*!40101 SET character_set_client = @saved_cs_client */;

--
-- Dumping data for table `rol_usuario`
--

LOCK TABLES `rol_usuario` WRITE;
/*!40000 ALTER TABLE `rol_usuario` DISABLE KEYS */;
INSERT INTO `rol_usuario` VALUES (1,'Admin','Administrador','Activo'),(2,'Usuario','Usuario general del sistema','Activo');
/*!40000 ALTER TABLE `rol_usuario` ENABLE KEYS */;
UNLOCK TABLES;

--
-- Table structure for table `usuario`
--

DROP TABLE IF EXISTS `usuario`;
/*!40101 SET @saved_cs_client     = @@character_set_client */;
/*!40101 SET character_set_client = utf8 */;
CREATE TABLE `usuario` (
  `_id` int(10) unsigned NOT NULL AUTO_INCREMENT,
  `nombre` varchar(45) NOT NULL,
  `apellido_1` varchar(45) NOT NULL,
  `apellido_2` varchar(45) NOT NULL,
  `rfc` varchar(13) NOT NULL,
  `nombre_acceso` varchar(45) NOT NULL,
  `contrasena` varchar(500) NOT NULL,
  `estatus` enum('Activo','Inactivo') NOT NULL DEFAULT 'Activo',
  `rol_usuario` int(10) unsigned NOT NULL,
  PRIMARY KEY (`_id`),
  KEY `rol_fk_idx` (`rol_usuario`),
  CONSTRAINT `rol_fk` FOREIGN KEY (`rol_usuario`) REFERENCES `rol_usuario` (`_id`)
) ENGINE=InnoDB AUTO_INCREMENT=33 DEFAULT CHARSET=utf8;
/*!40101 SET character_set_client = @saved_cs_client */;

--
-- Dumping data for table `usuario`
--

LOCK TABLES `usuario` WRITE;
/*!40000 ALTER TABLE `usuario` DISABLE KEYS */;
INSERT INTO `usuario` VALUES (1,'Maria','Morúa','Hernández','MOHM990815DW0','mariaAdmin','sha256$2ynJDXHf$2de3c515d5feff0ec702c237b31e9470bb53b15c7daf4cde2f69dfb5bc0ce5ce','Activo',1),(2,'Cande','Candelario','Hermosillo','CAHCXXXXXXGD1','CandeCandelario','sha256$dU0II8k2$0b62f83ebb18af3faa7b5e421c3dd2f3c9bc80464b3c37fd794687e36926ca89','Activo',2),(8,'Marco','Villegas','Cervantes','VICI0000000','marcoSexMachine69','sha256$AC7028C4$fbd7ec6433658f7439e9417be1e36f992742bcb2c6d547c40bcfcdb2e4fe34cd','Activo',1),(9,'Marco','Villegas','Cervantes','VICI0000000','marcoSexMachine69','sha256$64MiEgmq$9e09ed93a4ced649f7723f711e24906b2c091ec04dac873e2ef4e8c76f0cf74e','Activo',1),(10,'Pris','La','Master Pro','PRIS990407DW0','prisMaster666','sha256$044kug6a$043c09cd14bf4e811ce711bcc1e3c88514ab92eac171cdac8bfe66948ea09937','Activo',1),(16,'Naruto','Uzumaki','','NARUZ12308590','narutoUZ','sha256$U9DdmVvs$be72c2a8b8f7d742500e80e0be6921b13611e24ccb9d55948b4a77b0c454ea62','Activo',2),(17,'Pablo','Hernandez','Castillo','HECP123098580','pablotz','sha256$BQZqUjeZ$61e945a85e451bba586178b00111354a6d3d52d02ae2b666875f3378438bfbe6','Activo',1),(18,'Pris','Pro','Master666','PRIS0000000','prisAdmin','sha256$ufK1GpfM$8c948a76a3671fb147b0be20a289a098f1e03f1d8eb92c912d2108d6e0a4b42c','Activo',1),(19,'Pris','Pro','Master666','PRIS0000000','prisUsuario','sha256$nwNZaWs3$d27029966120e844f5410b9ae560a77913e84eb9cf24933588b17990d12149b5','Activo',2),(20,'Villegas','Pro','Master666','PRIS0000000','villegasAdmin','sha256$o3j9p1gi$6af45caa8205fa5e971e113ce3068625f7dc710321e184c3b0e97a1b9022d53a','Activo',1),(21,'Villegas','Pro','Master666','PRIS0000000','villegasUser','sha256$l4eLfkaG$93ece239f0a92cf85f637313c230b40bc878f871add25fbbc65fb81ced4fc892','Activo',2),(22,'Hendrix','Pro','Master666','PRIS0000000','hendrixAdmin','sha256$AcMB0y6D$9a4f879ce902274b068e53cd17f4e672fa7de3fecc8aacc4cbd026f7fd71c8d1','Activo',1),(23,'Hendrix','Pro','Master666','PRIS0000000','hendrixUsuario','sha256$2eKVTX8G$f1e21853fab7b4227d9f1e44995d9e15a1fbf1488d887adc16d2e037d1f71173','Activo',2),(24,'Moi','Pro','Master666','PRIS0000000','moilovemachine69','sha256$RJdkasZc$12e52215fbf1e6c469c7bc45ebd220aab689b8b90e091c276afeda6efbb291f3','Activo',1),(25,'Moi','Pro','Master666','PRIS0000000','moilovemachine420','sha256$ct7uOg05$8f9b949af2eb4beb4fd3a6875fe901a28e7b24800da6c482361b14b414c344a6','Activo',2),(26,'Pablo','Hernandez','Contreras','PHC1239805','phc20','sha256$hFJeQ1oO$1a7bab1b6d45ec6f8a2773dc9673ccbff631ae2ee497a1d8c0d440529bda3d5b','Inactivo',1),(27,'Maricarmen','Hernandez','Castillo','MAR123890HEYU','maryhdzc','sha256$tFo3Csdx$17a9c6611b0da7b1712f478d16b2f06b2dedb19b60284d609f026538ec8dc351','Inactivo',1),(28,'Roberto','Cardiel','','RCAR124890','rcardiel','sha256$RyriEkId$2f7b8e713326574626d9e2c6419cbef4cc1dae318a90fcee305b861d3c339c71','Activo',2),(29,'Josue Armando','Vazquez','','JAVQ248907K','jvazquez','sha256$agI0Jp4H$9855b4868946e0e159745d27a8a40b94b55629916b27243862f6d1c3cf4980ac','Activo',2),(31,'MaricarmenPrueba','Hernandez','Castillo','MAR123890HEYU','maryhdzc2','sha256$4azvBYZC$cfd6f88992751a2241632a651d321360786481058335123b42d77a671a75e622','Inactivo',1),(32,'Bola','hernandez','castillo','123456789','boliberto123','sha256$ZUKaaxld$bfe124e4a8e575a0f9e8b82eb2859d9922ca5f11b125d19d5b01a2529f7eb8e0','Inactivo',2),(33,'Root','Root','Root','ROOTXXXXXXU13','root','sha256$T7fQCxja$388767999ccc862cd14b65c378866e3328199b735e70d6b2c7a6f96ff7c7779f','Activo',1);
/*!40000 ALTER TABLE `usuario` ENABLE KEYS */;
UNLOCK TABLES;

--
-- Table structure for table `venta`
--

DROP TABLE IF EXISTS `venta`;
/*!40101 SET @saved_cs_client     = @@character_set_client */;
/*!40101 SET character_set_client = utf8 */;
CREATE TABLE `venta` (
  `_id` int(11) NOT NULL AUTO_INCREMENT,
  `fecha` varchar(45) NOT NULL,
  `total_venta` double NOT NULL,
  `estatus` enum('Activo','Inactivo') NOT NULL DEFAULT 'Activo',
  `usuario` int(10) unsigned NOT NULL,
  PRIMARY KEY (`_id`),
  KEY `usuario_venta_FK_idx` (`usuario`),
  CONSTRAINT `usuario_venta_FK` FOREIGN KEY (`usuario`) REFERENCES `usuario` (`_id`)
) ENGINE=InnoDB AUTO_INCREMENT=69 DEFAULT CHARSET=utf8;
/*!40101 SET character_set_client = @saved_cs_client */;

--
-- Dumping data for table `venta`
--

LOCK TABLES `venta` WRITE;
/*!40000 ALTER TABLE `venta` DISABLE KEYS */;
INSERT INTO `venta` VALUES (43,'2021-04-15T14:33:37',75,'Activo',16),(44,'2021-04-15T15:54:34',3,'Activo',16),(45,'2021-04-15T15:54:54',15,'Inactivo',16),(46,'2021-04-15T22:08:53',150,'Activo',25),(47,'2021-04-15T22:59:30',30,'Activo',16),(48,'2021-04-15T23:00:17',25,'Activo',16),(49,'2021-04-15T23:03:14',30,'Activo',16),(50,'2021-04-15T23:03:37',63,'Activo',16),(51,'2021-04-15T23:04:05',42,'Activo',16),(52,'2021-04-15T23:14:06',30,'Activo',16),(53,'2021-04-15T23:14:24',18,'Activo',16),(54,'2021-04-15T23:15:06',8,'Activo',16),(55,'2021-04-15T23:21:48',18,'Activo',16),(56,'2021-04-15T23:36:00',36,'Activo',16),(57,'2021-04-15T23:38:10',40,'Activo',16),(58,'2021-04-15T23:38:37',66,'Activo',16),(59,'2021-04-15T23:43:18',30,'Activo',16),(60,'2021-04-15T23:46:00',70,'Activo',16),(61,'2021-04-15T23:56:13',36,'Activo',16),(62,'2021-04-16T00:07:26',6,'Activo',16),(63,'2021-04-16T00:09:00',20,'Activo',16),(64,'2021-04-16T00:10:45',50,'Activo',16),(65,'2021-04-16T03:03:42',32,'Activo',16),(66,'2021-04-16T03:07:31',46,'Activo',16),(67,'2021-04-16T04:17:53',54,'Activo',16),(68,'2021-04-16T04:18:17',15,'Activo',16);
/*!40000 ALTER TABLE `venta` ENABLE KEYS */;
UNLOCK TABLES;
/*!40103 SET TIME_ZONE=@OLD_TIME_ZONE */;

/*!40101 SET SQL_MODE=@OLD_SQL_MODE */;
/*!40014 SET FOREIGN_KEY_CHECKS=@OLD_FOREIGN_KEY_CHECKS */;
/*!40014 SET UNIQUE_CHECKS=@OLD_UNIQUE_CHECKS */;
/*!40101 SET CHARACTER_SET_CLIENT=@OLD_CHARACTER_SET_CLIENT */;
/*!40101 SET CHARACTER_SET_RESULTS=@OLD_CHARACTER_SET_RESULTS */;
/*!40101 SET COLLATION_CONNECTION=@OLD_COLLATION_CONNECTION */;
/*!40111 SET SQL_NOTES=@OLD_SQL_NOTES */;

-- Dump completed on 2021-04-17  0:37:36
